{
  "test_rmse": 0.6011101396674844,
  "test_mae": 0.43007194995880127,
  "test_r2": 0.7514724135398865,
  "best_epoch": 37,
  "best_val_rmse": 0.5812028455577956,
  "train_size": 4915,
  "val_size": 868,
  "test_size": 1021
}